{
    "week_0_config": {
        "best_params": {
            "preprocessor__kbest_select__k": "39",
            "model__n_estimators": 5,
            "model__min_samples_split": 15,
            "model__min_samples_leaf": 35,
            "model__max_features": null,
            "model__max_depth": 70,
            "model__bootstrap": true
        },
        "best_score": -1.5168132610028775,
        "features_to_train": [
            "precipitations_lag_1w_pca_1",
            "precipitations_lag_1w_pca_2",
            "precipitations_pca_1",
            "precipitations_pca_2",
            "tempartures_lag_1w_pca_1",
            "tempartures_pca_1",
            "tempartures_pca_2",
            "soil_moisture_pca_1",
            "soil_moisture_pca_2",
            "soil_moisture_pca_3",
            "evaporation_lag_1w_pca_1",
            "evaporation_pca_1",
            "soil_composition_pca_1",
            "soil_composition_pca_3",
            "soil_composition_pca_4",
            "soil_composition_pca_5",
            "soil_composition_pca_6",
            "soil_composition_pca_7",
            "soil_composition_pca_9",
            "latitude",
            "longitude",
            "catchment",
            "altitude",
            "water_flow_lag_1w",
            "water_flow_lag_2w",
            "water_flow_lag_3w",
            "water_flow_lag_4w",
            "water_flow_ma_4w_lag_1w_gauss",
            "water_flow_ma_3w_lag_1w_gauss",
            "water_flow_ma_2w_lag_1w_gauss",
            "north_hemisphere",
            "snow_index",
            "month_sin",
            "month_cos",
            "season_sin",
            "season_cos",
            "region_cluster",
            "hydro_cluster"
        ]
    },
    "week_1_config": {
        "best_params": {
            "preprocessor__kbest_select__k": "39",
            "model__n_estimators": 15,
            "model__min_samples_split": 125,
            "model__min_samples_leaf": 9,
            "model__max_features": null,
            "model__max_depth": 70,
            "model__bootstrap": false
        },
        "best_score": -1.3746088939139631,
        "features_to_train": [
            "precipitations_lag_1w_pca_1",
            "precipitations_lag_1w_pca_2",
            "precipitations_pca_1",
            "precipitations_pca_2",
            "tempartures_lag_1w_pca_1",
            "tempartures_pca_1",
            "tempartures_pca_2",
            "soil_moisture_pca_1",
            "soil_moisture_pca_2",
            "soil_moisture_pca_3",
            "evaporation_lag_1w_pca_1",
            "evaporation_pca_1",
            "soil_composition_pca_1",
            "soil_composition_pca_3",
            "soil_composition_pca_4",
            "soil_composition_pca_5",
            "soil_composition_pca_6",
            "soil_composition_pca_7",
            "soil_composition_pca_9",
            "latitude",
            "longitude",
            "catchment",
            "altitude",
            "water_flow_lag_1w",
            "water_flow_lag_2w",
            "water_flow_lag_3w",
            "water_flow_lag_4w",
            "water_flow_ma_4w_lag_1w_gauss",
            "water_flow_ma_3w_lag_1w_gauss",
            "water_flow_ma_2w_lag_1w_gauss",
            "north_hemisphere",
            "snow_index",
            "month_sin",
            "month_cos",
            "season_sin",
            "season_cos",
            "region_cluster",
            "hydro_cluster",
            "week_0_1_slope",
            "week_1_pred"
        ]
    },
    "week_2_config": {
        "best_params": {
            "preprocessor__kbest_select__k": "18",
            "model__n_estimators": 55,
            "model__min_samples_split": 25,
            "model__min_samples_leaf": 9,
            "model__max_features": 0.7,
            "model__max_depth": 13,
            "model__bootstrap": true
        },
        "best_score": -1.6994903390320766,
        "features_to_train": [
            "tempartures_lag_1w_pca_1",
            "tempartures_pca_1",
            "tempartures_pca_2",
            "soil_moisture_pca_2",
            "soil_composition_pca_1",
            "soil_composition_pca_9",
            "latitude",
            "longitude",
            "catchment",
            "water_flow_lag_1w",
            "water_flow_lag_2w",
            "water_flow_lag_3w",
            "water_flow_lag_4w",
            "water_flow_ma_4w_lag_1w_gauss",
            "water_flow_ma_3w_lag_1w_gauss",
            "water_flow_ma_2w_lag_1w_gauss",
            "north_hemisphere",
            "week_1_2_slope",
            "week_2_pred",
            "week_0_1_slope",
            "week_1_pred"
        ]
    },
    "week_3_config": {
        "best_params": {
            "preprocessor__kbest_select__k": "18",
            "model__n_estimators": 150,
            "model__min_samples_split": 80,
            "model__min_samples_leaf": 9,
            "model__max_features": null,
            "model__max_depth": 100,
            "model__bootstrap": true
        },
        "best_score": -1.9224695894360717,
        "features_to_train": [
            "tempartures_lag_1w_pca_1",
            "tempartures_pca_1",
            "tempartures_pca_2",
            "soil_moisture_pca_2",
            "soil_composition_pca_1",
            "soil_composition_pca_9",
            "latitude",
            "longitude",
            "catchment",
            "water_flow_lag_1w",
            "water_flow_lag_2w",
            "water_flow_lag_3w",
            "water_flow_lag_4w",
            "water_flow_ma_4w_lag_1w_gauss",
            "water_flow_ma_3w_lag_1w_gauss",
            "water_flow_ma_2w_lag_1w_gauss",
            "north_hemisphere",
            "week_2_3_slope",
            "week_3_pred",
            "week_1_2_slope",
            "week_2_pred",
            "week_0_1_slope",
            "week_1_pred"
        ]
    }
}