{
    "week_0_config": {
        "best_params": {
            "preprocessor__kbest_select__k": "39",
            "model__n_estimators": 5,
            "model__min_samples_split": 15,
            "model__min_samples_leaf": 35,
            "model__max_features": null,
            "model__max_depth": 70,
            "model__bootstrap": true
        },
        "best_score": -1.144379082023798,
        "features_to_train": [
            "precipitations_lag_1w_pca_1",
            "precipitations_lag_1w_pca_2",
            "precipitations_pca_1",
            "precipitations_pca_2",
            "tempartures_lag_1w_pca_1",
            "tempartures_lag_1w_pca_2",
            "tempartures_pca_1",
            "tempartures_pca_2",
            "tempartures_pca_3",
            "soil_moisture_pca_1",
            "soil_moisture_pca_2",
            "evaporation_lag_1w_pca_1",
            "evaporation_lag_1w_pca_2",
            "evaporation_pca_1",
            "evaporation_pca_2",
            "soil_composition_pca_1",
            "soil_composition_pca_2",
            "soil_composition_pca_3",
            "soil_composition_pca_4",
            "soil_composition_pca_5",
            "soil_composition_pca_6",
            "latitude",
            "longitude",
            "catchment",
            "altitude",
            "water_flow_lag_1w",
            "water_flow_lag_2w",
            "water_flow_ma_4w_lag_1w_gauss",
            "water_flow_ma_3w_lag_1w_gauss",
            "water_flow_ma_2w_lag_1w_gauss",
            "snow_index",
            "month_sin",
            "month_cos",
            "season_sin",
            "season_cos",
            "region_cluster",
            "hydro_cluster",
            "water_flow_evolve_slope"
        ]
    },
    "week_1_config": {
        "best_params": {
            "preprocessor__kbest_select__k": "39",
            "model__n_estimators": 5,
            "model__min_samples_split": 15,
            "model__min_samples_leaf": 35,
            "model__max_features": null,
            "model__max_depth": 70,
            "model__bootstrap": true
        },
        "best_score": -1.4815205222384142,
        "features_to_train": [
            "precipitations_lag_1w_pca_1",
            "precipitations_lag_1w_pca_2",
            "precipitations_pca_1",
            "precipitations_pca_2",
            "tempartures_lag_1w_pca_1",
            "tempartures_lag_1w_pca_2",
            "tempartures_pca_1",
            "tempartures_pca_2",
            "tempartures_pca_3",
            "soil_moisture_pca_1",
            "soil_moisture_pca_2",
            "evaporation_lag_1w_pca_1",
            "evaporation_lag_1w_pca_2",
            "evaporation_pca_1",
            "evaporation_pca_2",
            "soil_composition_pca_1",
            "soil_composition_pca_2",
            "soil_composition_pca_3",
            "soil_composition_pca_4",
            "soil_composition_pca_5",
            "soil_composition_pca_6",
            "latitude",
            "longitude",
            "catchment",
            "altitude",
            "water_flow_lag_1w",
            "water_flow_lag_2w",
            "water_flow_ma_4w_lag_1w_gauss",
            "water_flow_ma_3w_lag_1w_gauss",
            "water_flow_ma_2w_lag_1w_gauss",
            "snow_index",
            "month_sin",
            "month_cos",
            "season_sin",
            "season_cos",
            "region_cluster",
            "hydro_cluster",
            "water_flow_evolve_slope",
            "week_0_1_slope",
            "week_1_pred"
        ]
    },
    "week_2_config": {
        "best_params": {
            "preprocessor__kbest_select__k": "39",
            "model__n_estimators": 15,
            "model__min_samples_split": 125,
            "model__min_samples_leaf": 9,
            "model__max_features": null,
            "model__max_depth": 70,
            "model__bootstrap": false
        },
        "best_score": -1.6749440965555884,
        "features_to_train": [
            "precipitations_lag_1w_pca_1",
            "precipitations_lag_1w_pca_2",
            "precipitations_pca_1",
            "precipitations_pca_2",
            "tempartures_lag_1w_pca_1",
            "tempartures_lag_1w_pca_2",
            "tempartures_pca_1",
            "tempartures_pca_2",
            "tempartures_pca_3",
            "soil_moisture_pca_1",
            "soil_moisture_pca_2",
            "evaporation_lag_1w_pca_1",
            "evaporation_lag_1w_pca_2",
            "evaporation_pca_1",
            "evaporation_pca_2",
            "soil_composition_pca_1",
            "soil_composition_pca_2",
            "soil_composition_pca_3",
            "soil_composition_pca_4",
            "soil_composition_pca_5",
            "soil_composition_pca_6",
            "soil_composition_pca_7",
            "latitude",
            "longitude",
            "catchment",
            "altitude",
            "water_flow_lag_1w",
            "water_flow_lag_2w",
            "water_flow_ma_4w_lag_1w_gauss",
            "water_flow_ma_3w_lag_1w_gauss",
            "water_flow_ma_2w_lag_1w_gauss",
            "snow_index",
            "month_sin",
            "month_cos",
            "season_sin",
            "region_cluster",
            "hydro_cluster",
            "water_flow_evolve_slope",
            "week_1_2_slope",
            "week_2_pred",
            "week_0_1_slope",
            "week_1_pred"
        ]
    },
    "week_3_config": {
        "best_params": {
            "preprocessor__kbest_select__k": "39",
            "model__n_estimators": 15,
            "model__min_samples_split": 125,
            "model__min_samples_leaf": 9,
            "model__max_features": null,
            "model__max_depth": 70,
            "model__bootstrap": false
        },
        "best_score": -1.9005288496224473,
        "features_to_train": [
            "precipitations_lag_1w_pca_1",
            "precipitations_lag_1w_pca_2",
            "precipitations_pca_1",
            "precipitations_pca_2",
            "tempartures_lag_1w_pca_1",
            "tempartures_lag_1w_pca_2",
            "tempartures_pca_1",
            "tempartures_pca_2",
            "tempartures_pca_3",
            "soil_moisture_pca_1",
            "soil_moisture_pca_2",
            "evaporation_lag_1w_pca_1",
            "evaporation_lag_1w_pca_2",
            "evaporation_pca_1",
            "evaporation_pca_2",
            "soil_composition_pca_1",
            "soil_composition_pca_2",
            "soil_composition_pca_3",
            "soil_composition_pca_4",
            "soil_composition_pca_5",
            "soil_composition_pca_6",
            "soil_composition_pca_7",
            "latitude",
            "longitude",
            "catchment",
            "altitude",
            "water_flow_lag_1w",
            "water_flow_lag_2w",
            "water_flow_ma_4w_lag_1w_gauss",
            "water_flow_ma_3w_lag_1w_gauss",
            "water_flow_ma_2w_lag_1w_gauss",
            "snow_index",
            "month_sin",
            "month_cos",
            "season_sin",
            "region_cluster",
            "hydro_cluster",
            "water_flow_evolve_slope",
            "week_2_3_slope",
            "week_3_pred",
            "week_1_2_slope",
            "week_2_pred",
            "week_0_1_slope",
            "week_1_pred"
        ]
    }
}