{
    "week_0_config": {
        "best_params": {
            "preprocessor__kbest_select__k": "27",
            "model__n_estimators": 35,
            "model__min_samples_split": 105,
            "model__min_samples_leaf": 9,
            "model__max_features": null,
            "model__max_depth": 70,
            "model__bootstrap": true
        },
        "best_score": -1.5355937304814886,
        "features_to_train": [
            "index",
            "precipitations_lag_1w_pca_1",
            "precipitations_lag_1w_pca_2",
            "precipitations_pca_1",
            "precipitations_pca_2",
            "tempartures_lag_1w_pca_1",
            "tempartures_pca_1",
            "tempartures_pca_2",
            "soil_moisture_pca_1",
            "soil_moisture_pca_2",
            "soil_moisture_pca_3",
            "evaporation_lag_1w_pca_1",
            "evaporation_pca_1",
            "soil_composition_pca_1",
            "soil_composition_pca_4",
            "soil_composition_pca_6",
            "soil_composition_pca_7",
            "soil_composition_pca_9",
            "latitude",
            "longitude",
            "catchment",
            "altitude",
            "water_flow_lag_1w",
            "water_flow_lag_2w",
            "water_flow_ma_4w_lag_1w_gauss",
            "north_hemisphere",
            "month_cos"
        ]
    },
    "week_1_config": {
        "best_params": {
            "preprocessor__kbest_select__k": "27",
            "model__n_estimators": 35,
            "model__min_samples_split": 105,
            "model__min_samples_leaf": 9,
            "model__max_features": null,
            "model__max_depth": 70,
            "model__bootstrap": true
        },
        "best_score": -1.3830524065208265,
        "features_to_train": [
            "index",
            "precipitations_lag_1w_pca_1",
            "precipitations_lag_1w_pca_2",
            "precipitations_pca_1",
            "precipitations_pca_2",
            "tempartures_lag_1w_pca_1",
            "tempartures_pca_1",
            "tempartures_pca_2",
            "soil_moisture_pca_1",
            "soil_moisture_pca_2",
            "soil_moisture_pca_3",
            "evaporation_lag_1w_pca_1",
            "evaporation_pca_1",
            "soil_composition_pca_1",
            "soil_composition_pca_4",
            "soil_composition_pca_6",
            "soil_composition_pca_7",
            "soil_composition_pca_9",
            "latitude",
            "longitude",
            "catchment",
            "altitude",
            "water_flow_lag_1w",
            "water_flow_lag_2w",
            "water_flow_ma_4w_lag_1w_gauss",
            "north_hemisphere",
            "month_cos",
            "week_0_1_slope",
            "week_1_pred"
        ]
    },
    "week_2_config": {
        "best_params": {
            "preprocessor__kbest_select__k": "27",
            "model__n_estimators": 35,
            "model__min_samples_split": 105,
            "model__min_samples_leaf": 9,
            "model__max_features": null,
            "model__max_depth": 70,
            "model__bootstrap": true
        },
        "best_score": -1.7210601603863587,
        "features_to_train": [
            "index",
            "precipitations_lag_1w_pca_1",
            "precipitations_lag_1w_pca_2",
            "precipitations_pca_1",
            "precipitations_pca_2",
            "tempartures_lag_1w_pca_1",
            "tempartures_pca_1",
            "tempartures_pca_2",
            "soil_moisture_pca_1",
            "soil_moisture_pca_2",
            "soil_moisture_pca_3",
            "evaporation_lag_1w_pca_1",
            "evaporation_pca_1",
            "soil_composition_pca_1",
            "soil_composition_pca_4",
            "soil_composition_pca_6",
            "soil_composition_pca_7",
            "soil_composition_pca_9",
            "latitude",
            "longitude",
            "catchment",
            "altitude",
            "water_flow_lag_1w",
            "water_flow_lag_2w",
            "water_flow_ma_4w_lag_1w_gauss",
            "north_hemisphere",
            "month_cos",
            "week_1_2_slope",
            "week_2_pred",
            "week_0_1_slope",
            "week_1_pred"
        ]
    },
    "week_3_config": {
        "best_params": {
            "preprocessor__kbest_select__k": "27",
            "model__n_estimators": 35,
            "model__min_samples_split": 105,
            "model__min_samples_leaf": 9,
            "model__max_features": null,
            "model__max_depth": 70,
            "model__bootstrap": true
        },
        "best_score": -1.9614636364545555,
        "features_to_train": [
            "index",
            "precipitations_lag_1w_pca_2",
            "precipitations_pca_1",
            "precipitations_pca_2",
            "tempartures_lag_1w_pca_1",
            "tempartures_pca_1",
            "tempartures_pca_2",
            "soil_moisture_pca_1",
            "soil_moisture_pca_2",
            "soil_moisture_pca_3",
            "evaporation_lag_1w_pca_1",
            "evaporation_pca_1",
            "soil_composition_pca_1",
            "soil_composition_pca_4",
            "soil_composition_pca_6",
            "soil_composition_pca_7",
            "soil_composition_pca_9",
            "latitude",
            "longitude",
            "catchment",
            "altitude",
            "water_flow_lag_1w",
            "water_flow_lag_2w",
            "water_flow_ma_4w_lag_1w_gauss",
            "north_hemisphere",
            "snow_index",
            "month_cos",
            "week_2_3_slope",
            "week_3_pred",
            "week_1_2_slope",
            "week_2_pred",
            "week_0_1_slope",
            "week_1_pred"
        ]
    }
}