{
    "week_0_config": {
        "best_params": {
            "preprocessor__kbest_select__k": "30",
            "model__n_estimators": 130,
            "model__min_samples_split": 15,
            "model__min_samples_leaf": 25,
            "model__max_features": null,
            "model__max_depth": 50,
            "model__bootstrap": true
        },
        "best_score": -1.5103194009661183,
        "features_to_train": [
            "index",
            "precipitations_lag_1w_pca_1",
            "precipitations_lag_1w_pca_2",
            "precipitations_pca_1",
            "precipitations_pca_2",
            "tempartures_lag_1w_pca_1",
            "tempartures_pca_1",
            "tempartures_pca_2",
            "soil_moisture_pca_1",
            "soil_moisture_pca_2",
            "soil_moisture_pca_3",
            "evaporation_lag_1w_pca_1",
            "evaporation_pca_1",
            "soil_composition_pca_1",
            "soil_composition_pca_4",
            "soil_composition_pca_6",
            "soil_composition_pca_7",
            "soil_composition_pca_9",
            "latitude",
            "longitude",
            "catchment",
            "altitude",
            "water_flow_lag_1w",
            "water_flow_lag_2w",
            "water_flow_ma_4w_lag_1w_gauss",
            "north_hemisphere",
            "snow_index",
            "month_sin",
            "month_cos",
            "season_sin"
        ]
    },
    "week_1_config": {
        "best_params": {
            "preprocessor__kbest_select__k": "36",
            "model__n_estimators": 15,
            "model__min_samples_split": 35,
            "model__min_samples_leaf": 35,
            "model__max_features": 0.7,
            "model__max_depth": 13,
            "model__bootstrap": false
        },
        "best_score": -1.3947958137811203,
        "features_to_train": [
            "index",
            "precipitations_lag_1w_pca_1",
            "precipitations_lag_1w_pca_2",
            "precipitations_pca_1",
            "precipitations_pca_2",
            "tempartures_lag_1w_pca_1",
            "tempartures_pca_1",
            "tempartures_pca_2",
            "soil_moisture_pca_1",
            "soil_moisture_pca_2",
            "soil_moisture_pca_3",
            "evaporation_lag_1w_pca_1",
            "evaporation_pca_1",
            "soil_composition_pca_1",
            "soil_composition_pca_3",
            "soil_composition_pca_4",
            "soil_composition_pca_5",
            "soil_composition_pca_6",
            "soil_composition_pca_7",
            "soil_composition_pca_8",
            "soil_composition_pca_9",
            "latitude",
            "longitude",
            "catchment",
            "altitude",
            "water_flow_lag_1w",
            "water_flow_lag_2w",
            "water_flow_ma_4w_lag_1w_gauss",
            "north_hemisphere",
            "snow_index",
            "month_sin",
            "month_cos",
            "season_sin",
            "season_cos",
            "region_cluster",
            "hydro_cluster",
            "week_0_1_slope",
            "week_1_pred"
        ]
    },
    "week_2_config": {
        "best_params": {
            "preprocessor__kbest_select__k": "33",
            "model__n_estimators": 15,
            "model__min_samples_split": 35,
            "model__min_samples_leaf": 50,
            "model__max_features": null,
            "model__max_depth": 120,
            "model__bootstrap": true
        },
        "best_score": -1.7033689235106209,
        "features_to_train": [
            "index",
            "precipitations_lag_1w_pca_1",
            "precipitations_lag_1w_pca_2",
            "precipitations_pca_1",
            "precipitations_pca_2",
            "tempartures_lag_1w_pca_1",
            "tempartures_pca_1",
            "tempartures_pca_2",
            "soil_moisture_pca_1",
            "soil_moisture_pca_2",
            "soil_moisture_pca_3",
            "evaporation_lag_1w_pca_1",
            "evaporation_pca_1",
            "soil_composition_pca_1",
            "soil_composition_pca_3",
            "soil_composition_pca_4",
            "soil_composition_pca_6",
            "soil_composition_pca_7",
            "soil_composition_pca_9",
            "latitude",
            "longitude",
            "catchment",
            "altitude",
            "water_flow_lag_1w",
            "water_flow_lag_2w",
            "water_flow_ma_4w_lag_1w_gauss",
            "north_hemisphere",
            "snow_index",
            "month_sin",
            "month_cos",
            "season_sin",
            "region_cluster",
            "hydro_cluster",
            "week_1_2_slope",
            "week_2_pred",
            "week_0_1_slope",
            "week_1_pred"
        ]
    },
    "week_3_config": {
        "best_params": {
            "preprocessor__kbest_select__k": "33",
            "model__n_estimators": 85,
            "model__min_samples_split": 60,
            "model__min_samples_leaf": 15,
            "model__max_features": null,
            "model__max_depth": 100,
            "model__bootstrap": true
        },
        "best_score": -1.967888540742667,
        "features_to_train": [
            "index",
            "precipitations_lag_1w_pca_1",
            "precipitations_lag_1w_pca_2",
            "precipitations_pca_1",
            "precipitations_pca_2",
            "tempartures_lag_1w_pca_1",
            "tempartures_pca_1",
            "tempartures_pca_2",
            "soil_moisture_pca_1",
            "soil_moisture_pca_2",
            "soil_moisture_pca_3",
            "evaporation_lag_1w_pca_1",
            "evaporation_pca_1",
            "soil_composition_pca_1",
            "soil_composition_pca_3",
            "soil_composition_pca_4",
            "soil_composition_pca_6",
            "soil_composition_pca_7",
            "soil_composition_pca_9",
            "latitude",
            "longitude",
            "catchment",
            "altitude",
            "water_flow_lag_1w",
            "water_flow_lag_2w",
            "water_flow_ma_4w_lag_1w_gauss",
            "north_hemisphere",
            "snow_index",
            "month_sin",
            "month_cos",
            "season_sin",
            "region_cluster",
            "hydro_cluster",
            "week_2_3_slope",
            "week_3_pred",
            "week_1_2_slope",
            "week_2_pred",
            "week_0_1_slope",
            "week_1_pred"
        ]
    }
}