{
    "0": {
        "best_params_": {
            "model__n_estimators": 190,
            "model__min_samples_split": 15,
            "model__min_samples_leaf": 25,
            "model__max_features": null,
            "model__max_depth": 70,
            "model__bootstrap": true
        },
        "best_score_": -1.8498943640821586,
        "selected_features": [
            "index",
            "ObsDate",
            "precipitations_lag_1w_pca_1",
            "precipitations_lag_1w_pca_2",
            "precipitations_pca_1",
            "precipitations_pca_2",
            "tempartures_lag_1w_pca_1",
            "tempartures_pca_1",
            "tempartures_pca_2",
            "soil_moisture_pca_1",
            "soil_moisture_pca_2",
            "soil_moisture_pca_3",
            "evaporation_lag_1w_pca_1",
            "evaporation_pca_1",
            "soil_composition_pca_1",
            "soil_composition_pca_2",
            "soil_composition_pca_3",
            "soil_composition_pca_4",
            "soil_composition_pca_5",
            "soil_composition_pca_6",
            "soil_composition_pca_7",
            "soil_composition_pca_8",
            "soil_composition_pca_9",
            "station_code",
            "water_flow_week1",
            "latitude",
            "longitude",
            "catchment",
            "altitude",
            "water_flow_lag_1w",
            "water_flow_lag_2w",
            "water_flow_ma_4w_lag_1w_gauss",
            "water_flow_week2",
            "water_flow_week3",
            "water_flow_week4",
            "north_hemisphere",
            "snow_index",
            "month_sin",
            "month_cos",
            "season_sin",
            "season_cos",
            "region_cluster",
            "hydro_cluster",
            "water_flow_evolve_slope"
        ]
    },
    "1": {
        "best_params_": {
            "model__n_estimators": 15,
            "model__min_samples_split": 15,
            "model__min_samples_leaf": 15,
            "model__max_features": 0.7,
            "model__max_depth": 70,
            "model__bootstrap": true
        },
        "best_score_": -1.4114360020487307,
        "selected_features": [
            "index",
            "ObsDate",
            "precipitations_lag_1w_pca_1",
            "precipitations_lag_1w_pca_2",
            "precipitations_pca_1",
            "precipitations_pca_2",
            "tempartures_lag_1w_pca_1",
            "tempartures_pca_1",
            "tempartures_pca_2",
            "soil_moisture_pca_1",
            "soil_moisture_pca_2",
            "soil_moisture_pca_3",
            "evaporation_lag_1w_pca_1",
            "evaporation_pca_1",
            "soil_composition_pca_1",
            "soil_composition_pca_2",
            "soil_composition_pca_3",
            "soil_composition_pca_4",
            "soil_composition_pca_5",
            "soil_composition_pca_6",
            "soil_composition_pca_7",
            "soil_composition_pca_8",
            "soil_composition_pca_9",
            "station_code",
            "water_flow_week1",
            "latitude",
            "longitude",
            "catchment",
            "altitude",
            "water_flow_lag_1w",
            "water_flow_lag_2w",
            "water_flow_ma_4w_lag_1w_gauss",
            "water_flow_week2",
            "water_flow_week3",
            "water_flow_week4",
            "north_hemisphere",
            "snow_index",
            "month_sin",
            "month_cos",
            "season_sin",
            "season_cos",
            "region_cluster",
            "hydro_cluster",
            "water_flow_evolve_slope"
        ]
    },
    "2": {
        "best_params_": {
            "model__n_estimators": 35,
            "model__min_samples_split": 80,
            "model__min_samples_leaf": 80,
            "model__max_features": "log2",
            "model__max_depth": 7,
            "model__bootstrap": true
        },
        "best_score_": -3.069762386840599,
        "selected_features": [
            "index",
            "ObsDate",
            "precipitations_lag_1w_pca_1",
            "precipitations_lag_1w_pca_2",
            "precipitations_pca_1",
            "precipitations_pca_2",
            "tempartures_lag_1w_pca_1",
            "tempartures_pca_1",
            "tempartures_pca_2",
            "soil_moisture_pca_1",
            "soil_moisture_pca_2",
            "soil_moisture_pca_3",
            "evaporation_lag_1w_pca_1",
            "evaporation_pca_1",
            "soil_composition_pca_1",
            "soil_composition_pca_2",
            "soil_composition_pca_3",
            "soil_composition_pca_4",
            "soil_composition_pca_5",
            "soil_composition_pca_6",
            "soil_composition_pca_7",
            "soil_composition_pca_8",
            "soil_composition_pca_9",
            "station_code",
            "water_flow_week1",
            "latitude",
            "longitude",
            "catchment",
            "altitude",
            "water_flow_lag_1w",
            "water_flow_lag_2w",
            "water_flow_ma_4w_lag_1w_gauss",
            "water_flow_week2",
            "water_flow_week3",
            "water_flow_week4",
            "north_hemisphere",
            "snow_index",
            "month_sin",
            "month_cos",
            "season_sin",
            "season_cos",
            "region_cluster",
            "hydro_cluster",
            "water_flow_evolve_slope"
        ]
    }
}