{
    "0": {
        "best_params_": {
            "n_estimators": 55,
            "min_samples_split": 80,
            "min_samples_leaf": 50,
            "max_features": "log2",
            "max_depth": 50,
            "bootstrap": false
        },
        "best_score_": -1.648296653845708,
        "selected_features": [
            "catchment",
            "water_flow_lag_1w",
            "water_flow_ma_4w_lag_1w_gauss"
        ],
        "nb_cols": 3
    },
    "1": {
        "best_params_": {
            "n_estimators": 35,
            "min_samples_split": 60,
            "min_samples_leaf": 9,
            "max_features": null,
            "max_depth": 13,
            "bootstrap": true
        },
        "best_score_": -1.931898281421455,
        "selected_features": [
            "index",
            "precipitations_lag_1w_pca_2",
            "precipitations_pca_2",
            "tempartures_lag_1w_pca_1",
            "tempartures_pca_1",
            "soil_moisture_pca_2",
            "soil_moisture_pca_3",
            "soil_composition_pca_1",
            "soil_composition_pca_2",
            "soil_composition_pca_3",
            "soil_composition_pca_4",
            "soil_composition_pca_6",
            "soil_composition_pca_7",
            "soil_composition_pca_9",
            "latitude",
            "longitude",
            "catchment",
            "altitude",
            "water_flow_lag_1w",
            "water_flow_lag_2w",
            "water_flow_ma_4w_lag_1w_gauss",
            "month_cos",
            "season_sin",
            "hydro_cluster"
        ],
        "nb_cols": 24
    },
    "2": {
        "best_params_": {
            "n_estimators": 190,
            "min_samples_split": 105,
            "min_samples_leaf": 80,
            "max_features": "log2",
            "max_depth": 20,
            "bootstrap": false
        },
        "best_score_": -3.0582488454553585,
        "selected_features": [
            "soil_composition_pca_8",
            "soil_composition_pca_9",
            "catchment",
            "water_flow_lag_1w",
            "water_flow_lag_2w",
            "water_flow_ma_4w_lag_1w_gauss"
        ],
        "nb_cols": 6
    }
}