{
    "0": {
        "best_params_": {
            "selector__k": "3",
            "n_estimators": 190,
            "min_samples_split": 60,
            "min_samples_leaf": 60,
            "max_features": 0.3,
            "max_depth": 70,
            "bootstrap": true
        },
        "best_score_": -1.662843380432553,
        "selected_features": [
            "tempartures_pca_2",
            "soil_composition_pca_1",
            "soil_composition_pca_4",
            "soil_composition_pca_7",
            "soil_composition_pca_8",
            "catchment",
            "water_flow_lag_1w",
            "water_flow_lag_2w",
            "water_flow_ma_4w_lag_1w_gauss",
            "hydro_cluster"
        ]
    },
    "1": {
        "best_params_": {
            "selector__k": "39",
            "n_estimators": 130,
            "min_samples_split": 35,
            "min_samples_leaf": 9,
            "max_features": 0.7,
            "max_depth": 20,
            "bootstrap": false
        },
        "best_score_": -1.4381793985235638,
        "selected_features": [
            "precipitations_lag_1w_pca_1",
            "precipitations_pca_1",
            "soil_moisture_pca_1",
            "evaporation_lag_1w_pca_1",
            "evaporation_pca_1",
            "water_flow_lag_1w",
            "water_flow_lag_2w",
            "water_flow_ma_4w_lag_1w_gauss",
            "month_cos",
            "season_sin"
        ]
    },
    "2": {
        "best_params_": {
            "selector__k": "6",
            "n_estimators": 150,
            "min_samples_split": 50,
            "min_samples_leaf": 60,
            "max_features": "log2",
            "max_depth": 13,
            "bootstrap": true
        },
        "best_score_": -2.9746005173361754,
        "selected_features": [
            "tempartures_pca_2",
            "soil_composition_pca_2",
            "soil_composition_pca_8",
            "soil_composition_pca_9",
            "latitude",
            "catchment",
            "altitude",
            "water_flow_lag_1w",
            "water_flow_lag_2w",
            "water_flow_ma_4w_lag_1w_gauss"
        ]
    }
}